<customUI xmlns="http://schemas.microsoft.com/office/2006/01/customui" onLoad="OnAddinLoad">
    <ribbon startFromScratch="false">
        <tabs>

            <tab id="wpsAddinTab" label="慧眼识务">
                <group id="btnDemoGroup" label="group1">

                    <box id="user_con_config" boxStyle="vertical">
                        <button id="HY_user_config" label="修改用户参数" size="large"
                                onAction="HY_getAction"  getImage="HY_getmag" visible="true" />
                        <button id="HY_user_acqu_config" label="重置用户参数" size="large"
                                onAction="HY_getAction"  getImage="HY_getmag" visible="true" />
                        <button id="HY_addfun" label="添加扩展函数" size="large"
                                onAction="HY_getAction"  getImage="HY_getmag" visible="true" />
                    </box>
                    <separator id="separator" />

                    <box id="sma_contr" boxStyle="vertical">
                        <menu id="HY_random" label="随机" getImage="HY_getmag" >
                            <button id="HY_random_number" label="随机数" size="large"
                                    onAction="HY_getAction"  getImage="HY_getmag" visible="true" />
                            <button id="HY_random_one" label="随机抽取" size="large"
                                    onAction="HY_getAction"  getImage="HY_getmag" visible="true" />
                        </menu>

                        <menu id="HY_sequ" label="序列" getImage="HY_getmag" >
                            <button id="HY_sequ_engsh" label="插入英文序列" size="large"
                                    onAction="HY_getAction"  getImage="HY_getmag" visible="true" />
                            <button id="HY_sequ_roman" label="插入罗马序列" size="large"
                                    onAction="HY_getAction"  getImage="HY_getmag" visible="true" />
                        </menu>

                        <menu id="HY_cata" label="目录表" getImage="HY_getmag" >
                            <button id="HY_cata_insert" label="插入目录表" size="large"
                                    onAction="HY_getAction"  getImage="HY_getmag" visible="true" />
                            <button id="HY_cata_update" label="更新目录表" size="large"
                                    onAction="HY_getAction"  getImage="HY_getmag" visible="true" />
                            <button id="HY_cata_dete" label="删除目录表" size="large"
                                    onAction="HY_getAction"  getImage="HY_getmag" visible="true" />
                        </menu>
                    </box>

                    <separator id="separator" />

                    <button id="HY_about" label="关于" size="large"
                            onAction="HY_getAction"  getImage="HY_getmag" visible="true" />
                    <button id="HY_hep" label="帮助" size="large"
                            onAction="HY_getAction"  getImage="HY_getmag" visible="true" />
                </group>
            </tab>

        </tabs>
    </ribbon>
</customUI>